title,channel,published_at,description,views,likes,comments,video_url,content,relevance_score
Machine Learning (தமிழில்) in 25 Minutes:  Absolute Beginner Crash Course,AI Coach John (Tamil),2025-10-03 15:00:04+00:00,"Want to become a Data Analyst, Data Scientist, or GenAI Engineer? 
Service Enquiry Form : https://www.proitbridge.com/contact-us-2/
--------------------------------------------------------------------",25657,1031,125,https://www.youtube.com/watch?v=adhgNQmPXZU,"Machine Learning (தமிழில்) in 25 Minutes:  Absolute Beginner Crash Course Want to become a Data Analyst, Data Scientist, or GenAI Engineer? 
Service Enquiry Form : https://www.proitbridge.com/contact-us-2/
--------------------------------------------------------------------",0.08015607476956851
Machine Learning Explained in 100 Seconds,Fireship,2021-09-09 17:31:56+00:00,Machine Learning is the process of teaching a computer how perform a task with out explicitly programming it. The process feeds algorithms with large amounts of data to gradually improve predictive pe,1083281,39083,669,https://www.youtube.com/watch?v=PeMlggyqz0Y,Machine Learning Explained in 100 Seconds Machine Learning is the process of teaching a computer how perform a task with out explicitly programming it. The process feeds algorithms with large amounts of data to gradually improve predictive pe,0.14538968964899196
Machine Learning for Everybody – Full Course,freeCodeCamp.org,2022-09-26 16:00:28+00:00,"Learn Machine Learning in a way that is accessible to absolute beginners. You will learn the basics of Machine Learning and how to use TensorFlow to implement many different concepts.

✏️ Kylie Ying d",10206494,109330,2310,https://www.youtube.com/watch?v=i_LwzRVP7bg,"Machine Learning for Everybody – Full Course Learn Machine Learning in a way that is accessible to absolute beginners. You will learn the basics of Machine Learning and how to use TensorFlow to implement many different concepts.

✏️ Kylie Ying d",0.35131772877029294
Machine Learning | What Is Machine Learning? | Introduction To Machine Learning | 2026 | Simplilearn,Simplilearn,2018-09-19 14:57:02+00:00,"""️🔥 Michigan Engineering - Professional Certificate in AI and Machine Learning - https://www.simplilearn.com/professional-aiml-program?utm_campaign=ukzFI9rgwfU&utm_medium=DescriptionFFF&utm_source=You",5491619,68763,2227,https://www.youtube.com/watch?v=ukzFI9rgwfU,"Machine Learning | What Is Machine Learning? | Introduction To Machine Learning | 2026 | Simplilearn ""️🔥 Michigan Engineering - Professional Certificate in AI and Machine Learning - https://www.simplilearn.com/professional-aiml-program?utm_campaign=ukzFI9rgwfU&utm_medium=DescriptionFFF&utm_source=You",0.27679136526076853
Advice for machine learning beginners | Andrej Karpathy and Lex Fridman,Lex Clips,2022-10-31 20:00:04+00:00,"Lex Fridman Podcast full episode: https://www.youtube.com/watch?v=cdiD-9MMpb0
Please support this podcast by checking out our sponsors:
- Eight Sleep: https://www.eightsleep.com/lex to get special sav",1169607,35090,706,https://www.youtube.com/watch?v=I2ZK3ngNvvI,"Advice for machine learning beginners | Andrej Karpathy and Lex Fridman Lex Fridman Podcast full episode: https://www.youtube.com/watch?v=cdiD-9MMpb0
Please support this podcast by checking out our sponsors:
- Eight Sleep: https://www.eightsleep.com/lex to get special sav",0.11270026191299103
Google’s AI Course for Beginners (in 10 minutes)!,Jeff Su,2023-11-14 13:00:33+00:00,"Grab my AI Toolkit for free: https://academy.jeffsu.org/ai-toolkit?utm_source=youtube&utm_medium=video&utm_campaign=146

Grab my free Workspace Toolkit: https://academy.jeffsu.org/workspace-toolkit?ut",3613509,58692,2817,https://www.youtube.com/watch?v=Yq0QkCxoTHM,"Google’s AI Course for Beginners (in 10 minutes)! Grab my AI Toolkit for free: https://academy.jeffsu.org/ai-toolkit?utm_source=youtube&utm_medium=video&utm_campaign=146

Grab my free Workspace Toolkit: https://academy.jeffsu.org/workspace-toolkit?ut",0.04671147355070604
Machine learning for beginners 101,Sajjaad Khader,2025-05-28 01:00:55+00:00,Machine learning for beginners 101 #ml #ai #tech #fyp,52430,1973,16,https://www.youtube.com/watch?v=xoKCsCd6vsA,Machine learning for beginners 101 Machine learning for beginners 101 #ml #ai #tech #fyp,0.46040128687483267
All Machine Learning algorithms explained in 17 min,Infinite Codes,2024-09-17 08:57:32+00:00,"All Machine Learning algorithms intuitively explained in 17 min

#########################################
I just started my own Patreon, in case you want to support!
Patreon Link: https://www.patreon",2104517,75278,747,https://www.youtube.com/watch?v=E0Hmnixke2g,"All Machine Learning algorithms explained in 17 min All Machine Learning algorithms intuitively explained in 17 min

#########################################
I just started my own Patreon, in case you want to support!
Patreon Link: https://www.patreon",0.1309709119022499
Introduction to Machine Learning for Beginners [Part 1] | Machine Learning for Beginners,Microsoft Developer,2023-05-01 15:00:04+00:00,"🤖💡📈 Welcome to the first lesson of our Machine Learning for Beginners course, presented by Bea Stollnitz, a Principal Cloud Advocate at Microsoft! Join us on this exciting journey to understand the fu",124599,1681,37,https://www.youtube.com/watch?v=6mSx_KJxcHI,"Introduction to Machine Learning for Beginners [Part 1] | Machine Learning for Beginners 🤖💡📈 Welcome to the first lesson of our Machine Learning for Beginners course, presented by Bea Stollnitz, a Principal Cloud Advocate at Microsoft! Join us on this exciting journey to understand the fu",0.47355086231365984
AI Complete OneShot Course for Beginners | Learn AI & ML Fundamentals from Scratch,Apna College,2025-10-13 17:14:11+00:00,"📌New | Complete AI/ML Job Ready Batch  :https://www.apnacollege.in/course/prime-ai

Batch starting from 15th Nov 2025
--------------------------------------------------------------------------

Link f",3659368,97436,2408,https://www.youtube.com/watch?v=D1eL1EnxXXQ,"AI Complete OneShot Course for Beginners | Learn AI & ML Fundamentals from Scratch 📌New | Complete AI/ML Job Ready Batch  :https://www.apnacollege.in/course/prime-ai

Batch starting from 15th Nov 2025
--------------------------------------------------------------------------

Link f",0.06400789866832489
"AI, Machine Learning, Deep Learning and Generative AI Explained",IBM Technology,2024-08-05 11:00:52+00:00,"Want to learn more about Agentic AI + Data? Register here →  https://ibm.biz/BdeGLe

Want to play with the technology yourself? Explore our interactive demo → https://ibm.biz/BdKSer

Join Jeff Crume a",3340998,74682,2161,https://www.youtube.com/watch?v=qYNweeDHiyU,"AI, Machine Learning, Deep Learning and Generative AI Explained Want to learn more about Agentic AI + Data? Register here →  https://ibm.biz/BdeGLe

Want to play with the technology yourself? Explore our interactive demo → https://ibm.biz/BdKSer

Join Jeff Crume a",0.09785766691949407
Machine Learning Course for Beginners,freeCodeCamp.org,2021-08-30 13:23:10+00:00,"Learn the theory and practical application of machine learning concepts in this comprehensive course for beginners.

🔗 Learning resources: https://github.com/ayush714/ML001-Project-Sources-Code-and-Le",2051268,57489,1431,https://www.youtube.com/watch?v=NWONeJKn6kc,"Machine Learning Course for Beginners Learn the theory and practical application of machine learning concepts in this comprehensive course for beginners.

🔗 Learning resources: https://github.com/ayush714/ML001-Project-Sources-Code-and-Le",0.37491970013466924
Complete Machine Learning Course for Beginners | Part 1- Foundation | Sheryians AI School,Sheryians AI School,2025-06-02 14:29:56+00:00,"Instructor - Akarsh Vyas
Welcome to the first step of your Machine Learning journey! 
In this video, we’ll walk through the complete foundation of a real-world ML project, covering everything you must",667907,13525,741,https://www.youtube.com/watch?v=1L420xXpDTg,"Complete Machine Learning Course for Beginners | Part 1- Foundation | Sheryians AI School Instructor - Akarsh Vyas
Welcome to the first step of your Machine Learning journey! 
In this video, we’ll walk through the complete foundation of a real-world ML project, covering everything you must",0.21832336955322917
"Machine Learning Explained: A Guide to ML, AI, & Deep Learning",IBM Technology,2025-10-20 11:01:58+00:00,"Ready to become a certified watsonx Data Scientist? Register now and use code IBMTechYT20 for 20% off of your exam → https://ibm.biz/BdbdaQ

Learn more about Machine Learning (ML) here → https://ibm.b",89898,2233,53,https://www.youtube.com/watch?v=znF2U_3Z210,"Machine Learning Explained: A Guide to ML, AI, & Deep Learning Ready to become a certified watsonx Data Scientist? Register now and use code IBMTechYT20 for 20% off of your exam → https://ibm.biz/BdbdaQ

Learn more about Machine Learning (ML) here → https://ibm.b",0.18707250252524954
Simple Machine Learning Code Tutorial for Beginners with Sklearn Scikit-Learn,Python Simplified,2025-04-29 15:30:07+00:00,"Ready to dive into practical Machine Learning using the easiest library in the world?? 🚀🚀🚀
Allow me to introduce you to this fascinating field of science through a step by step Scikit-Learn example! 
",59764,2591,174,https://www.youtube.com/watch?v=-IvNzmrcyUM,"Simple Machine Learning Code Tutorial for Beginners with Sklearn Scikit-Learn Ready to dive into practical Machine Learning using the easiest library in the world?? 🚀🚀🚀
Allow me to introduce you to this fascinating field of science through a step by step Scikit-Learn example! 
",0.20487733327364036
ML Foundations for AI Engineers (in 34 Minutes),Shaw Talebi,2025-05-11 15:00:27+00:00,"🤝 Your team not maximizing Claude? I run 1:1 and team AI workshops for companies doing $10M+ per year: https://aibuilder.academy/yt/BUTjcAjfMgY

Modern AI is built on ML. Although builders can go far ",433916,14215,234,https://www.youtube.com/watch?v=BUTjcAjfMgY,"ML Foundations for AI Engineers (in 34 Minutes) 🤝 Your team not maximizing Claude? I run 1:1 and team AI workshops for companies doing $10M+ per year: https://aibuilder.academy/yt/BUTjcAjfMgY

Modern AI is built on ML. Although builders can go far ",0.0
Learn Machine Learning Like a GENIUS and Not Waste Time,Sahil & Sarra,2025-11-23 13:30:06+00:00,"► Get Coursera Plus for 40% OFF 3 months: https://imp.i384100.net/c/3552395/3391150/14726

► For more content like this, subscribe to our channel: https://www.youtube.com/@sahilandsarra  

► Follow us",380186,16602,341,https://www.youtube.com/watch?v=2wTRQqoDM1A,"Learn Machine Learning Like a GENIUS and Not Waste Time ► Get Coursera Plus for 40% OFF 3 months: https://imp.i384100.net/c/3552395/3391150/14726

► For more content like this, subscribe to our channel: https://www.youtube.com/@sahilandsarra  

► Follow us",0.07124796395101696
Machine Learning Full Course for Beginners (2025) | Learn ML for FREE | Intellipaat,Intellipaat,2025-07-17 19:53:38+00:00,This Machine Learning Full Course 2025 by Intellipaat is a complete beginner-to-advanced guide designed to help you understand and apply core machine learning concepts in the real world. The course be,71032,887,41,https://www.youtube.com/watch?v=FP9kL-_k5Ys,Machine Learning Full Course for Beginners (2025) | Learn ML for FREE | Intellipaat This Machine Learning Full Course 2025 by Intellipaat is a complete beginner-to-advanced guide designed to help you understand and apply core machine learning concepts in the real world. The course be,0.2784619826013825
Learn Machine Learning Like a GENIUS and Not Waste Time,Infinite Codes,2024-11-14 15:44:06+00:00,"Learn Machine Learning Like a GENIUS and Not Waste Time

#########################################
I just started my own Patreon, in case you want to support!
Patreon Link: https://www.patreon.com/c/I",1306480,77274,822,https://www.youtube.com/watch?v=qNxrPri1V0I,"Learn Machine Learning Like a GENIUS and Not Waste Time Learn Machine Learning Like a GENIUS and Not Waste Time

#########################################
I just started my own Patreon, in case you want to support!
Patreon Link: https://www.patreon.com/c/I",0.13204625310344498
The Complete Machine Learning Roadmap,Programming with Mosh,2024-07-18 13:00:06+00:00,"Go from zero to a machine learning engineer in 12 months. This step-by-step roadmap covers the essential skills you must learn to become a machine learning engineer in 2024. 

❤️ Join this channel to ",1064388,28782,905,https://www.youtube.com/watch?v=7IgVGSaQPaw,"The Complete Machine Learning Roadmap Go from zero to a machine learning engineer in 12 months. This step-by-step roadmap covers the essential skills you must learn to become a machine learning engineer in 2024. 

❤️ Join this channel to ",0.22381872992708915
